{"stats":{"minecraft:used":{"minecraft:wooden_axe":18,"minecraft:diamond_sword":29,"minecraft:birch_planks":9,"minecraft:bread":4,"minecraft:wooden_pickaxe":6},"minecraft:mined":{"minecraft:grass":1,"minecraft:birch_log":11,"minecraft:stone":3},"minecraft:picked_up":{"minecraft:birch_log":11,"minecraft:wooden_sword":1,"minecraft:stick":1,"minecraft:gold_nugget":2,"minecraft:cobblestone":3,"minecraft:wooden_axe":1},"minecraft:crafted":{"minecraft:birch_planks":44,"minecraft:stick":4,"minecraft:wooden_pickaxe":1,"minecraft:stone_pickaxe":1},"minecraft:custom":{"minecraft:open_barrel":1,"minecraft:time_since_rest":5167,"minecraft:crouch_one_cm":482,"minecraft:play_time":5167,"minecraft:sprint_one_cm":25360,"minecraft:interact_with_furnace":2,"minecraft:damage_taken":330,"minecraft:walk_one_cm":12612,"minecraft:sneak_time":558,"minecraft:mob_kills":5,"minecraft:jump":101,"minecraft:damage_dealt":1335,"minecraft:time_since_death":5167,"minecraft:total_world_time":5167,"minecraft:interact_with_crafting_table":2,"minecraft:fall_one_cm":2934,"minecraft:fly_one_cm":15502},"minecraft:killed":{"minecraft:piglin_brute":5}},"DataVersion":3465}