{"stats":{"minecraft:used":{"minecraft:cooked_mutton":4,"minecraft:wooden_axe":76,"minecraft:birch_planks":31,"minecraft:bread":15,"minecraft:stone_pickaxe":8,"minecraft:wooden_pickaxe":6,"minecraft:gravel":3,"minecraft:diamond_sword":104,"minecraft:wooden_sword":13,"minecraft:cooked_cod":2},"minecraft:mined":{"minecraft:birch_planks":14,"graveyard:skull_with_rib_cage":1,"minecraft:birch_log":11,"graveyard:laterally_lying_skeleton":1,"graveyard:skull_pile":1,"minecraft:cave_vines_plant":1,"minecraft:grass":2,"minecraft:decorated_pot":1,"minecraft:oak_stairs":1,"minecraft:crimson_roots":1,"minecraft:rose_bush":1,"graveyard:leaning_skeleton":2,"minecraft:redstone_wire":1,"minecraft:mushroom_stem":5,"graveyard:skull_on_pike":1,"minecraft:red_mushroom_block":2,"minecraft:stone":3,"minecraft:oak_leaves":1,"graveyard:torso_pile":1,"minecraft:spawner":2},"minecraft:picked_up":{"minecraft:wooden_axe":1,"minecraft:birch_log":11,"minecraft:wheat":1,"minecraft:stick":2,"patchouli:guide_book":1,"minecraft:gravel":12,"minecraft:birch_planks":36,"minecraft:gunpowder":1,"minecraft:redstone":1,"minecraft:string":2,"minecraft:wooden_sword":1,"minecraft:bone":30,"minecraft:arrow":14,"minecraft:decorated_pot":1,"minecraft:acacia_trapdoor":2,"minecraft:gold_nugget":8,"minecraft:spruce_planks":2,"minecraft:beef":3,"minecraft:rose_bush":1,"minecraft:gold_ingot":1,"minecraft:crimson_roots":1,"minecraft:coal":1,"minecraft:cobblestone":3},"minecraft:killed_by":{"minecraft:piglin_brute":1},"minecraft:crafted":{"minecraft:cooked_cod":2,"minecraft:stick":4,"minecraft:wooden_pickaxe":1,"minecraft:stone_pickaxe":1,"minecraft:birch_planks":44,"minecraft:cooked_mutton":4,"minecraft:air":0},"minecraft:custom":{"minecraft:time_since_rest":3387,"minecraft:interact_with_furnace":4,"minecraft:sprint_one_cm":69804,"minecraft:damage_taken":1510,"minecraft:walk_one_cm":63224,"minecraft:mob_kills":21,"minecraft:damage_dealt":5196,"minecraft:interact_with_crafting_table":2,"minecraft:fly_one_cm":57886,"minecraft:open_barrel":2,"minecraft:open_chest":1,"minecraft:crouch_one_cm":778,"minecraft:play_time":17167,"minecraft:deaths":1,"minecraft:sneak_time":727,"minecraft:jump":421,"minecraft:time_since_death":6902,"minecraft:sleep_in_bed":1,"minecraft:climb_one_cm":478,"minecraft:total_world_time":17167,"minecraft:fall_one_cm":11254},"minecraft:killed":{"minecraft:piglin":4,"minecraft:spider":2,"minecraft:piglin_brute":11,"minecraft:creeper":1,"minecraft:cow":1,"minecraft:skeleton":1}},"DataVersion":3465}