{"stats":{"minecraft:used":{"minecraft:golden_boots":1,"minecraft:cooked_mutton":1,"minecraft:stone_sword":39,"minecraft:stone_pickaxe":46,"minecraft:wooden_pickaxe":6,"minecraft:iron_sword":22,"minecraft:crafting_table":4,"minecraft:oak_log":2,"minecraft:wooden_axe":26,"minecraft:bread":5,"minecraft:iron_pickaxe":4,"minecraft:stone_axe":8,"minecraft:cooked_cod":1},"minecraft:picked_up":{"minecraft:birch_log":8,"minecraft:crafting_table":2,"minecraft:andesite":1,"minecraft:leather":2,"minecraft:birch_planks":1,"minecraft:oak_log":5,"minecraft:golden_boots":1,"minecraft:dirt":2,"minecraft:stripped_birch_log":1,"minecraft:bone":48,"minecraft:warped_fence":1,"graveyard:corruption":1,"minecraft:gold_nugget":1,"minecraft:beef":5,"minecraft:player_head":1,"minecraft:birch_sapling":1,"minecraft:stick":1,"minecraft:raw_iron":1,"graveyard:middle_bone_staff":1,"minecraft:arrow":3,"minecraft:coal":4,"minecraft:cobblestone":17},"minecraft:mined":{"graveyard:torso_pile":2,"graveyard:middle_bone_staff":1,"graveyard:laterally_lying_skeleton":2,"minecraft:warped_fence":1,"minecraft:crafting_table":2,"minecraft:grass_block":2,"graveyard:skull_on_pike":2,"graveyard:lying_skeleton":2,"minecraft:spawner":1,"graveyard:skull_with_rib_cage":2,"minecraft:birch_log":8,"minecraft:iron_ore":1,"minecraft:andesite":1,"minecraft:grass":2,"minecraft:oak_log":5,"minecraft:coal_ore":4,"graveyard:leaning_skeleton":1,"minecraft:stone":17,"minecraft:player_head":1,"graveyard:bone_remains":1,"minecraft:oak_leaves":5},"minecraft:dropped":{"minecraft:golden_boots":1,"minecraft:wooden_axe":2,"minecraft:wooden_pickaxe":1},"minecraft:crafted":{"minecraft:cooked_cod":1,"minecraft:oak_planks":12,"minecraft:crafting_table":2,"minecraft:iron_helmet":1,"minecraft:wooden_pickaxe":1,"minecraft:furnace":1,"minecraft:birch_planks":32,"minecraft:stone_axe":1,"minecraft:cooked_mutton":1,"minecraft:air":0,"minecraft:iron_boots":1,"minecraft:stick":12,"minecraft:iron_pickaxe":1,"minecraft:stone_pickaxe":1,"minecraft:wooden_axe":2,"minecraft:stone_sword":1,"minecraft:iron_leggings":1,"minecraft:golden_boots":1},"minecraft:custom":{"minecraft:interact_with_furnace":5,"minecraft:mob_kills":10,"minecraft:interact_with_crafting_table":8,"minecraft:open_barrel":6,"minecraft:bell_ring":2,"minecraft:leave_game":2,"minecraft:time_since_death":16960,"minecraft:climb_one_cm":1521,"minecraft:time_since_rest":16960,"minecraft:sprint_one_cm":71511,"minecraft:damage_taken":427,"minecraft:walk_one_cm":61740,"minecraft:drop":4,"minecraft:damage_dealt":1614,"minecraft:fly_one_cm":54944,"minecraft:open_chest":5,"minecraft:crouch_one_cm":520,"minecraft:play_time":16960,"minecraft:sneak_time":149,"minecraft:interact_with_lectern":1,"minecraft:jump":311,"minecraft:walk_on_water_one_cm":706,"minecraft:total_world_time":16960,"minecraft:interact_with_smoker":1,"minecraft:fall_one_cm":7833},"minecraft:killed":{"minecraft:piglin":5,"graveyard:ghoul":1,"minecraft:piglin_brute":1,"minecraft:cow":2}},"DataVersion":3465}