{"stats":{"minecraft:used":{"minecraft:wooden_axe":26,"minecraft:stone_sword":8,"minecraft:stone_pickaxe":38,"minecraft:wooden_pickaxe":6,"minecraft:stone_axe":2,"minecraft:crafting_table":2},"minecraft:mined":{"minecraft:birch_log":8,"minecraft:crafting_table":2,"minecraft:grass":2,"minecraft:coal_ore":4,"minecraft:grass_block":2,"minecraft:oak_log":5,"minecraft:stone":16,"minecraft:oak_leaves":1},"minecraft:picked_up":{"minecraft:birch_log":8,"minecraft:stick":1,"minecraft:crafting_table":2,"minecraft:oak_log":5,"minecraft:dirt":2,"minecraft:arrow":1,"minecraft:birch_sapling":1,"minecraft:coal":4,"minecraft:cobblestone":16},"minecraft:dropped":{"minecraft:wooden_axe":2,"minecraft:wooden_pickaxe":1},"minecraft:crafted":{"minecraft:oak_planks":8,"minecraft:crafting_table":1,"minecraft:stick":12,"minecraft:wooden_pickaxe":1,"minecraft:stone_pickaxe":1,"minecraft:wooden_axe":2,"minecraft:stone_sword":1,"minecraft:furnace":1,"minecraft:birch_planks":32,"minecraft:stone_axe":1},"minecraft:custom":{"minecraft:time_since_rest":5609,"minecraft:sprint_one_cm":13313,"minecraft:damage_taken":140,"minecraft:walk_one_cm":18687,"minecraft:mob_kills":1,"minecraft:drop":3,"minecraft:damage_dealt":231,"minecraft:interact_with_crafting_table":4,"minecraft:fly_one_cm":12895,"minecraft:open_barrel":1,"minecraft:play_time":5609,"minecraft:sneak_time":6,"minecraft:jump":66,"minecraft:walk_on_water_one_cm":411,"minecraft:time_since_death":5609,"minecraft:climb_one_cm":554,"minecraft:total_world_time":5609,"minecraft:fall_one_cm":1240},"minecraft:killed":{"minecraft:piglin":1}},"DataVersion":3465}